model_name,feature_set,mean_MAE,std_MAE,mean_RMSE,std_RMSE,mean_MAPE,std_MAPE,n_folds
LSTM,extended,0.012122617955532567,0.0067855421011370305,0.0201699879306725,0.015366952757946813,30.074310679391814,15.574978760886317,11
